ID,Technique,Tip
1,Eat That Frog,Prioritize tasks by tackling your most challenging task first.
2,Eat That Frog,Set clear goals to direct your efforts towards high-value activities.
3,Eat That Frog,Apply the 80/20 Rule to focus on efforts that yield the greatest results.
4,Eat That Frog,Prepare in advance with a to-do list to increase productivity.
5,Eat That Frog,Take action immediately to combat procrastination.
6,Eat That Frog,Maintain a high energy level with exercise, a healthy diet, and adequate rest.
7,Eat That Frog,Practice the ABCDE Method for task prioritization.
8,Eat That Frog,Establish a routine to improve focus and efficiency.
9,Eat That Frog,Use technology wisely to streamline tasks.
10,Eat That Frog,Maintain a positive mental attitude for tackling challenging tasks.
11,Pomodoro Technique,Divide work into 25-minute intervals with short breaks.
12,Pomodoro Technique,Enhance focus and concentration with short sprints.
13,Pomodoro Technique,Prevent burnout with regular breaks.
14,Pomodoro Technique,Improve time management skills by planning tasks in Pomodoro increments.
15,Pomodoro Technique,Boost motivation with manageable intervals and clear start/end points.
16,Pomodoro Technique,Reduce procrastination by making tasks seem less daunting.
17,Pomodoro Technique,Track and manage interruptions efficiently.
18,Pomodoro Technique,Adjust intervals to suit personal productivity rhythms.
19,Pomodoro Technique,Implement easily with minimal setup using a timer.
20,Pomodoro Technique,Complement with other time management methods for efficiency.
21,2-Minute Rule,Tackle small tasks immediately if they take less than two minutes.
22,2-Minute Rule,Simplify decision-making with a clear action threshold.
23,2-Minute Rule,Increase task completion for overall productivity.
24,2-Minute Rule,Reduce procrastination by building momentum with action.
25,2-Minute Rule,Enhance organizational efficiency by dealing with minor tasks promptly.
26,2-Minute Rule,Improve focus on longer, more complex projects.
27,2-Minute Rule,Apply in various contexts beyond work-related tasks.
28,2-Minute Rule,Develop a habit of taking immediate action.
29,2-Minute Rule,Keep to-do lists manageable and short.
30,2-Minute Rule,Encourage a clutter-free environment by organizing workspace.
31,1-3-5 Method,Choose 1 big task, 3 medium tasks, and 5 small tasks daily.
32,1-3-5 Method,Simplify daily planning with a structured task hierarchy.
33,1-3-5 Method,Critically assess task importance and urgency for prioritization.
34,1-3-5 Method,Allow flexibility in task management based on workload.
35,1-3-5 Method,Reduce overwhelm with a clear focus on a limited number of tasks.
36,1-3-5 Method,Ensure significant progress on important projects and tasks.
37,1-3-5 Method,Improve task completion rate through structured selection.
38,1-3-5 Method,Balance workload to prevent days consumed by only minor tasks or overwhelmed by large projects.
39,1-3-5 Method,Implement easily without special tools or apps.
40,1-3-5 Method,Adapt for use in both professional and personal life.
41,Eisenhower Method,Divide tasks into four categories: Urgent/Important, Important/Not Urgent, Urgent/Not Important, Neither.
42,Eisenhower Method,Focus on important and urgent tasks first for prioritization.
43,Eisenhower Method,Delegate tasks that are urgent but not important.
44,Eisenhower Method,Prioritize strategic planning and personal growth activities.
45,Eisenhower Method,Reduce stress by managing tasks based on importance and urgency.
46,Eisenhower Method,Eliminate time-wasting activities for more efficiency.
47,Eisenhower Method,Enhance decision-making with a clear framework.
48,Eisenhower Method,Boost productivity by aligning tasks with goals.
49,Eisenhower Method,Improve work-life balance through effective task management.
50,Eisenhower Method,Implement using various tools, from pen and paper to digital apps.
51,Getting Things Done,Capture every task or idea in a collection tool.
52,Getting Things Done,Process captured items to clarify actionable steps.
53,Getting Things Done,Organize tasks by context for streamlined execution.
54,Getting Things Done,Reflect and review regularly to update priorities.
55,Getting Things Done,Engage with tasks based on context and priorities.
56,Getting Things Done,Focus on outcomes for clear project completions.
57,Getting Things Done,Break down projects into smaller, actionable steps.
58,Getting Things Done,Reduce mental clutter for stress-free productivity.
59,Getting Things Done,Adapt methodology with preferred tools or technology.
60,Getting Things Done,Apply to all life aspects for holistic management.
61,Pickle Jar Theory,Prioritize big rocks or significant tasks first.
62,Pickle Jar Theory,Manage tasks based on importance with pebbles and sand representing less critical tasks.
63,Pickle Jar Theory,Allocate time for leisure and relaxation as water.
64,Pickle Jar Theory,Emphasize task prioritization for effective time use.
65,Pickle Jar Theory,Focus on goals by managing time around key tasks.
66,Pickle Jar Theory,Reduce stress by completing critical tasks first.
67,Pickle Jar Theory,Adapt to managing unexpected tasks with flexibility.
68,Pickle Jar Theory,Adopt a holistic view of productivity balancing work and personal goals.
69,Task Batching,Group similar tasks for dedicated time blocks.
70,Task Batching,Minimize task-switching to increase efficiency.
71,Task Batching,Improve focus by maintaining a consistent mental state.
72,Task Batching,Save time by reducing setup for different tasks.
73,Task Batching,Enhance creativity by staying in a creative zone.
74,Task Batching,Streamline workflow with organized task batches.
75,Task Batching,Reduce stress with predictable task management.
76,Task Batching,Plan work according to energy levels for optimal performance.
77,Task Batching,Customize to fit any workflow or schedule.
78,Task Batching,Engage in deeper, uninterrupted work for quality outcomes.
